店名,地址
東佳便當,[中正區] 德惠街1號
晨甸早餐,[內湖區] 台北市內湖區五分街68號
吃吃便當,[大安區] 台北市大安區樂業街70號
杏玥冰坊,[萬華區] 台北市萬華區寶興街129號一樓
公克咖啡 gram coffee,[中正區] 台北市廣州街8巷 （cama後方）
阿讚水餃,[大同區] 台北市民樂街209號
宙斯果霸 Zeus Bar,"[士林區] 台北市士林區文林路142號, 111 Taipei City"
御串房丼飯食堂,[中山區] 台北市中山區伊通街121號
翰翰創意鍋燒,[內湖區] 台北市內湖區瑞光路311號
派克雞排-台北松山店-2派克脆皮雞排,[信義區] 台北市信義區松隆路329號
三良品茶 - 市府店,[信義區] 台北市信義區基隆路一段188-1號
小食紅豆餅,[大安區] 台北市和平東路二段359號
老木咖啡,[士林區] 台北市士林區後港街199號
嵐丼食堂,"[松山區] 台北市松山區南京東路五段250巷2弄16號之3, 105 Taipei City"
淳香烏龍麵,[北投區] 台北市北投區崇仁路一段170號
翁記純手工水煎包古亭店,[中正區] 台北市中正區羅斯福路二段51號
鴨香飽,[內湖區] 台北市內湖區內湖路一段285巷59弄3號1樓
朱鮮饌 木燒簡餐屋,[北投區] 台北市北投區崇仁路一段66號
旅沐咖啡 (台北通安店),"[大安區] 台北市大安區通安街12號, 106 Taipei City"
派克雞排(林森店),[中山區] 台北市林森北路306號
金龍鹽酥雞,[內湖區] 台北市內湖區金龍路116號
樓下那間雞蛋糕(內湖店),[內湖區] 台北市內湖路一段413號
一芳水果茶內湖江南店,[內湖區] 江南街85號
康青龍 中山晴光,[中山區] 台北市中山區雙城街17巷2之1號
華珍燒臘,[內湖區] 台北市內湖區民權東路六段56巷33號
派克脆皮雞排 南陽店,[中正區] 台北市南陽街8號
大福小吃店,[大安區] 台北市臥龍街72號
Mina創意廚房.咖啡,[北投區] 台北市北投區崇仁路一段77號1樓
吃飽 Just Eat,[松山區] 台北市松山區復興北路505號1樓
可不可熟成紅茶 - 士林店,[士林區] 台北市士林區大北路5號
嚮家涼水鋪,[內湖區] 內湖區內湖路一段323巷4弄20號
迷客夏 內湖港墘店,[內湖區] 台北市內湖區港墘路157號
詹家廚房,[文山區] 台北市文山區興隆路一樓 79號
草魚禾海苔飯捲,[中正區] 台北市中正區南昌路二段121號
百勝堂蔘茸藥行,[大同區] 台北市大同區迪化街 1段 129號
潮饌麵府,[信義區] 台北市信義區吳興街83號
欲罷不能鹹水雞麻辣雞,[北投區] 台北市北投區石牌路二段68巷口
台北煮食甜不辣,[中正區] 台北市中正區懷寧街17-1號
意魷味境,[內湖區] 台北市內湖區內湖路一段323巷13~3號
百八漁場 西湖店,[內湖區] 114台北市內湖區瑞光路583巷22號
玉清境鮮茶坊,"[北投區] 台北市北投區中央北路一段129號, 112 台北市"
麥當勞南京店,[松山區] 台北市松山區南京東路五段162號
龍哥餐飲店,[信義區] 吳興街170巷1弄3號
麥當勞南京店,[松山區] 台北市松山區南京東路五段162號
一本燒肉飯,[中山區] 台北市中山區南京東路三段223巷47號
Pizza Rock 搖滾披薩,[松山區] 八德路三段216號
川疆食府,[內湖區] 台北市內湖區麗山街393巷6號
嘿嘿羊肉爐餐坊,"[松山區] 台北市松山區民生東路三段113巷7弄17號1樓, 105 Taipei City"
Misha Caffe X Pizzeria,"[中正區] 台北市中正區濟南路二段64-2號, 100 Taipei City"
好吃咖哩飯排骨湯,"[中正區] 台北市中正區寧波西街76號之1號, 100 Taipei City"
健康水煮餐盒-Dr.salt,"[中山區] 台北市中山區新生北路二段149巷26號, 10491 Taipei City"
鴻食堂,"[信義區] 台北市信義區嘉興街260號, 110 Taipei City"
溫時景麵食,"[大安區] 台北市大安區四維路154巷7號, 106 Taipei City"
士林雞腿,"[士林區] 台北市士林區德行東路20號, 111 Taipei City"
沙拉船先生,"[信義區] 台北市信義區忠孝東路五段71巷28號, 110 Taipei City"
貝斯特複合式餐館,"[內湖區] 台北市內湖區瑞光路76巷47號, 114 Taipei City"
Street Pasta 街頭義大利麵,"[大安區] 台北市大安區延吉街137巷30號, 106 Taipei City"
朕點麻小面,"[中正區] 台北市中正區汀洲路三段77號, 100 Taipei City"
ICELAB 160,"[大安區] 台北市大安區敦化南路一段160巷48號, 106 Taipei City"
THE Kitchen garden 花園廚房,"[萬華區] 台北市萬華區西寧南路183號2樓, Taipei City"
古草味,"[萬華區] 台北市萬華區寶興街190號之一, 108 Taipei City"
Darryl 義式窯烤 Pizza 餐廳,"[萬華區] 台北市萬華區成都路94號, 108 Taipei City"
天母老劉胡椒餅,"[士林區] 台北市士林區福華路164巷5號, 111 Taipei City"
JUST Pasta,"[中山區] 台北市中山區中山北路一段140巷23號1樓, 104 Taipei City"
春日甜Bistro Cafe,"[中山區] 台北市中山區中山北路二段27巷14號, 104 Taipei City"
円点号,"[士林區] 台北市士林區後港路88號, 111 Taipei City"
上味羊肉焿&肉羹麵&羊肉蓋飯&滷肉飯,"[大同區] 台北市大同區延平北路四段5號, 103 Taichung City"
十得私廚,"[大安區] 台北市大安區敦化南路一段236巷29號, 106 Taipei City"
食在地台灣素食堂,"[中山區] 台北市中山區錦州街183號, 104 Taipei City"
燒肉丼飯 (台北光復店),"[松山區] 台北市松山區光復南路13巷26號1樓, 105 Taipei City"
燒肉丼飯 (台北育達店),"[松山區] 台北市松山區寧安街7巷1號, 105 Taipei City"
泰饗,"[松山區] 台北市松山區寧安街7巷1號, 105 Taipei City"
天母古道森林花園餐廳,"[士林區] 台北市士林區中山北路七段232巷1弄4號, 111 Taipei City"
米凱修義式料理,"[士林區] 台北市士林區大南路236號, 111 Taipei City"
AP BAR 義大利早午餐,"[中正區] 台北市中正區 寧波西街48號, 100 Taipei City"
涮嘴鍋,"[信義區] 台北市信義區信義路六段112號, 110 Taipei City"
拉亞漢堡 (台北忠孝店),"[大安區] 台北市大安區忠孝東路三段248巷12號, 106 Taipei City"
林家匠,"[中山區] 台北市中山區八德路二段335號, 104 Taipei City"
New Yorker美式餐廳,"[大安區] 台北市大安區市民大道四段72號, 106 Taipei City"
Victor 唯多極品咖啡館,"[板橋區] 新北市板橋區莒光路16巷13號, 220 New Taipei City"
竺楓軒飲食店 (三姐的店),"[士林區] 台北市士林區中正路235巷18號, 111 Taipei City"
翰丼日式丼飯專賣,"[內湖區] 台北市內湖區文湖街65號, 114 Taipei City"
口味坊,"[松山區] 台北市松山區延吉街43號, 105 Taipei City"
初丸食堂,"[大安區] 台北市大安區延吉街165-2號1樓, 106 Taipei City"
Miss X 秘食,"[士林區] 台北市士林區華齡街188號, 111 Taipei City"
飯飯之倍,"[信義區] 台北市信義區吳興街63號, 110 Taipei City"
黃綠紅複合式早餐,"[信義區] 台北市信義區吳興街281巷70號, 110 Taipei City"
深夜紅茶,"[松山區] 台北市松山區興安街174巷9號, 105 Taipei City"
一前一町拉麵,[內湖區] 台北市內湖區內湖路一段437巷4弄9號 
初心食堂,[內湖區] 台北市內湖區內湖路一段120巷8號 
焦糖楓日式無煙串燒,[信義區] 台北市信義區永吉路30巷122號 
吳媽媽私房便當,台北市南港路三段130巷1弄1號 
一把青廚房,[信義區] 台北市信義區永吉路30巷157弄4號
嘉義食堂,[信義區] 台北市信義區松隆路103號 
一心豪飲（內湖店）,[內湖區] 台北市內湖區內湖路1段411巷10-1號 
LEWAY 樂の本味(西門店),[萬華區] 台北市萬華區成都路90號1樓
一心茶飲（南港店）,[南港區] 台北市南港區南港路1段158號 
一心豪飲（信義店）,[信義區] 台北市信義區基隆路1段147巷8號 
丼吃丼(台北市府店),[信義區] 台北市信義區忠孝東路五段71巷3弄27號 
大牌烤肉飯(內湖),[內湖區] 台北市內湖區成功路4段214巷2弄1號 
鬍鬚張南京三民店,[松山區] 台北市松山區南京東路五段227號 
COCO內湖成功店,[內湖區] 台北市內湖區成功路四段59之1號1樓 
高渼全自助餐,台北市木新路3段199號 
一家人雞腿王,[內湖區] 台北市內湖區康樂街72巷4號 
長勝君捲蛋餅,[松山區] 台北市松山區興安街214號 
鐵道便當,台北市基隆路一段360號-2 
一品美食 - 永吉店,[信義區] 台北市信義區永吉路104巷143號 
頂好紫琳蒸餃館 - 忠孝館,[大安區] 台北市大安區忠孝東路四段97號 
春陽茶事-大安店,[大安區] 台北市大安區信義路三段192號 
圓石禪飲(士林大北店),[士林區] 台北市士林區大北路15號 
悟饕養生飯包(士林文昌店),[士林區] 台北市士林區文昌路10號 
老兄快餐,[士林區] 台北市士林區美崙街45號
香港鑫記,[士林區] 台北市士林區中正路377號 
快樂懷舊排骨內湖站,[內湖區] 台北市內湖區內湖路一段411巷19弄9號一樓 
旺來咖啡,台北市南京東路三段335巷13-1號 
忠順燒臘便當,[木柵區] 台北市木柵區忠順街一段127號 
開丼(內湖店)-2018,[內湖區] 台北市內湖區內湖路一段360巷2-1號2F 
墨汁雞排 公館店,[中正區] 台北市中正區汀州路三段265號 
龍一放山雞肉飯,台北市松山路441號 
賢記熱炒(大直),台北市大直街44號 
永昌番茄牛肉麵,[中山區] 台北市中山區大直街34巷2號 
池上便當木新店,台北市木新路2段265號 
家鄉碳烤雞排(內湖),台北市內湖路康寧路一段48巷1號 
50嵐 微風松高店,[信義區] 台北市信義區松高路16號B2 
慈行創意鍋燒,[內湖區] 台北市內湖區瑞光路311號 
內湖巨林美而美,[內湖區] 台北市內湖區 
韓川堤,[松山區] 台北市松山區南京東路四段133巷 
御守今川燒,[內湖區] 台北市內湖區內湖路一段425號 
COMEBUY市府店,[信義區] 台北市信義區忠孝東路5段165巷5號 
無敵水餃(虎林街),[信義區] 台北市信義區虎林街164巷3號 
花果工坊,台北市大安路一段22號 
我們咖哩(內湖),台北市內湖路一段323巷4弄8號 
九九食坊,[中山區] 台北市中山區遼寧街101巷16號 
早吧MORNING BAR,[士林區] 台北市士林區美崙街32號 
大苑子(實踐大學店),[中山區] 台北市中山區大直街63號 
鬍鬚張(大直北安店),台北市北安路631號1樓 
有省錢日式丼飯(芝山店),[士林區] 台北市士林區至誠路二段28號 
發記港式燒臘快餐,台北市民生西路45巷3弄15號 
寶飽煲,[士林區] 台北市士林區福壽街3號 
金仙蝦捲飯,[士林區] 台北市士林區福德路25號 
洪媽媽簡餐,[士林區] 台北市士林區臨溪路70號. 
我和一心日本咖哩麵包,[松山區] 台北市松山區民生東路四段55巷1號 
大象愛吃沙威瑪,[中山區] 台北市中山區四平街29號 
克莉蒙汀麵包生活館(信義),[大安區] 台北市大安區信義路四段149-1號 
YOLO's Cafe 合江店,[中山區] 台北市中山區合江街182號 
蟹老闆手工蔥油餅,台北市 內湖路一段737巷31號 
Blue Deer布鹿 (內湖店),[內湖區] 台北市內湖區內湖路一段415號 
大苑子茶飲(莊敬店),[信義區] 台北市信義區莊敬路343號 
木子豆奶輕食,[中山區] 台北市中山區錦州街 
富順麵館,[中山區] 台北市中山區合江街8號 
大嗑(2018-03-12更新),[中正區] 台北市中正區濟南路二段18號-3 
大嗑,[中正區] 台北市中正區濟南路二段18號-3 
木村屋烘培坊（國泰仁愛醫院旁）,[大安區] 台北市大安區仁愛路四段266巷10號 
8%ice tea & milk,[內湖區] 台北市內湖區內湖路一段309號 
江記排骨飯館(蘭香排骨),[內湖區] 台北市內湖區內湖路一段93之1號 
真味園,台北市通化街261號 
萊客潤餅捲(內湖),[內湖區] 台北市內湖區內湖路一段737巷21號旁 
味真香便當專賣店,台北市通化街261號 
JOOCE Nut Mylk Tea 堅,[大安區] 台北市大安區復興南路二段11-1號
吾家味涼麵,[內湖區] 台北市民權東路六段90巷14號（三民國中對面巷中）
海之味-傳統小吃,[內湖區] 台北市內湖區內湖路一段323巷20弄1號
台灣新雞王(景美店),[文山區] 台北市景美區景文街58號
olé tapas Bar,[大安區] 安和路一段109巷4號一樓
食在二十三番,"[文山區] 台北市文山區羅斯福路六段455巷23號1樓, 116 Taipei City"
老先覺麻辣窯燒鍋 (台北內湖店),"[內湖區] 台北市內湖區內湖路二段388號, 114 Taipei City"
渣男 Taiwan Bistro (台北木柵店),"[文山區] 台北市文山區萬芳路9-1號, 116 Taipei City"
重熙老麵,"[中正區] 台北市中正區廣州街8巷7號, 100 Taipei City"
台灣鹽酥雞 (台北大直總店),"[中山區] 台北市中山區北安路530號, 104 Taipei City"
翠薪越南餐廳,"[中正區] 台北市中正區羅斯福路四段24巷11號, 100 Taipei City"
菊島活生蠔,"[大同區] 台北市大同區平陽街22號, 103 Taipei City"
Light Bistro 路燈咖啡 (台北公館店),"[中正區] 台北市中正區羅斯福路三段244巷10弄19號, 100 Taipei City"
Light Bistro 路燈咖啡 (台北師大店),"[大安區] 台北市大安區浦城街4號, 106 Taipei City"
紐澳良小廚 (台北林森店),"[中正區] 台北市中正區林森南路2號, 100 Taipei City"
翠園越南餐廳,"[大安區] 台北市大安區新生南路三段20之3號, 106 Taipei City"
渣男 Taiwan Bistro (台北信義店),"[信義區] 台北市信義區信義路五段150巷315弄12號, 110 Taipei City"
紐澳良小廚 (台北象山店),"[信義區] 台北市信義區信義路五段150巷14弄16號, 110 Taipei City"
翠林越南餐廳,"[大安區] 台北市大安區忠孝東路三段10巷16號, 106 Taipei City"
紐澳良小廚 (台北世貿店),"[信義區] 台北市信義區基隆路二段81號, 110 Taipei City"
台灣鹽酥雞 (台北通化店),"[大安區] 台北市大安區通化街77號, 104 Taipei City"
院子餐酒館 X 目木原覺,"[信義區] 台北市信義區基隆路163之1號, 110 Taipei City"
渣男 Taiwan Bistro (台北南京店),"[松山區] 台北市松山區南京東路四段179巷3弄2號, 105 Taipei City"
青葉台灣料理 (台北中山店),"[中山區] 台北市中山區中山北路一段105巷10號, 104 Taipei City"
龍記燒臘 世貿店,[信義區] 台北市信義區莊敬路279號 
胖老爹 (內湖湖光店),[內湖區] 台北市內湖區康寧路一段79號 
狀元紅牛肉火鍋專家,"[中山區] 台北市中山區林森北路83巷91號, 104 Taipei City"
明記大塊雞排 (台北木柵店),"[文山區] 台北市文山區木新路三段319號, 116 Taipei City"
夜奔咖哩,"[文山區] 台北市文山區景文街19號, 116 Taipei City"
Nala's Mexican Food,"[中正區] 台北市中正區羅斯福路一段7之1號, 100 Taipei City"
Hers bistro 她 / 的餐酒,"[信義區] 台北市信義區忠孝東路四段553巷22弄4號1樓, 110 Taipei City"
麵工坊 MGF Pasta,"[新店區] 新北市新店區北新路二段174號1樓, 231 New Taipei City"
慢慢Bistro,"[中正區] 台北市中正區南昌路一段60號, 100 Taipei City"
品安食堂,"台北市民生東路二段147巷6弄1號, 104 Taipei City"
米蘭手工窯烤披薩,"[中山區] 台北市中山區四平街55號2樓, 104 Taipei City"
東京拌麵心 Aburasoba,"[大安區] 台北市大安區仁愛路四段228-6號, 106 Taipei City"
"【測試中勿下單 Testing purpose, do not place order】蒔蘿香草餐廳","[內湖區] 台北市內湖區成功路五段31號, 114 Taipei City"
象園咖啡 Elephant garden (台北南港店),"[南港區] 台北市南港區忠孝東路七段359號B棟3樓, 115 Taipei City"
象園咖啡 Elephant garden (台北內湖店),"[內湖區] 台北市內湖區內湖路二段192號, 114 Taipei City"
帶走威尼斯,"[內湖區] 台北市內湖區瑞光路316巷58號, 114 Taipei City"
小李子麵食館,"[松山區] 台北市松山區南京東路五段250巷3號, 105 Taipei City"
Curry For Peace,"[信義區] 台北市信義區光復南路519巷7號, 110 Taipei City"
大叔廚房,"[中山區] 台北市中山區遼寧街57號, 104 Taipei City"
Suzu KitchenX招來日日便當,"[大安區] 台北市大安區忠孝東路四段216巷11弄20號, 106 Taipei City"
享樂咖啡,"[內湖區] 台北市內湖區康寧路一段139號1樓, 114 Taipei City"
滬尚品生煎包,"[中正區] 台北市中正區重慶南路一段89號, 100 Taipei City"
Love To 樂兔,"[中正區] 台北市中正區羅斯福路三段94號, 100 Taipei City"
Lofting Coffee,"[大安區] 台北市大安區延吉街171號1樓, 106 Taipei City"
鼎祥小吃店,"[信義區] 台北市信義區松仁路285號, 110 Taipei City"
加拿大黑熊有機咖啡 (台北大安店),"[大安區] 台北市大安區和平東路二段98號, 106 Taipei City"
小蘑菇義式焗烤坊,台北市富陽街134號 
瑞記海南雞民權東店,[內湖區] 台北市內湖區民權東路六段88號 
東海大學鮮乳,台北市復興北路415號1樓 
小學日燒肉丼,[內湖區] 台北市內湖區內湖路一段411巷9弄28號 
沙瑪Summan Pasta,台北市八德路三段155巷2號之3 
很飽丼飯,[信義區] 台北市信義區莊敬路325巷42號1樓 
內湖 江記排骨,台北市內湖路一段 
Pinestone 團購,[大同區] 台北市大同區西寧北路62-5號5樓
農夫涼亭(內湖店),[內湖區] 台北市內湖區內湖路一段285巷59弄4號 
豐盛號,[士林區] 台北市士林區中正路223巷4號 
龜記茗品(台北車站),[中正區] 台北市中正區武昌街一段1號 
老師傅精緻盒餐,台北市復興南路二段151巷53號 
咖啡平方(內湖店),[內湖區] 台北市內湖區內湖路一段323巷4弄2號 
向日烘焙坊,"[內湖區] 台北市內湖區大湖街 Neihu, T'Ai-Pei, Taiwan 114 "
大姑姑的店,[內湖區] 台北市內湖區江南街130號 
G拔拔香脆雞排 中坡店,[南港區] 台北市南港區中坡北路84號 
丼吃丼(敦南店),[大安區] 台北市大安區敦化南路二段81巷45弄25號1樓 
餃子樂,台北市復興南路一段263號1樓 
LATTICE 比利時烈日鬆餅,台北市光復南路200巷11號 
COSMOS 大苑子茶飲(景美店) 冬,[文山區] 台北市文山區景文街94號 
泰回味(內湖區),[內湖區] 台北市內湖區麗山街362-4號 
美味屋義大利麵,[內湖區] 台北市內湖區瑞光路上 
可不可熟成紅茶《台北站前》,[中正區] 台北市中正區南陽街34號 
柳哥排骨,[文山區] 台北市文山區木新路3段300號 
施房茶-雪珠奶烏,[信義區] 台北市信義區松仁路28號B2
红橘子精致早午餐,[內湖區] 台北市內湖區民權東路六段90巷5弄2號 
呷尚寶早餐店（內湖區）,[內湖區] 臺北市內湖區港墘路129號 
胖大蛋包飯,[文山區] 台北市文山區木新路2段198號1樓 
傻師傅湯包、排骨酥,[內湖區] 台北市內湖區江南街25號 
防彈咖啡,[內湖區] 台北市內湖區瑞光路 
南昌廣東粥/超跩食堂,[中正區] 台北市中正區寧波東街18號 
火星猴子庫奇,[大同區] 台北市大同區迪化街一段96號 
雲林台子港鮮之蚵,[松山區] 台北市松山區八德路四段251號 
可愛嬌妻的秘密,[松山區] 敦化南路一段102號12樓
紙上城市Paper Towns,[士林區] 天母東路50巷27號
禾屋讚歧烏龍麵,[北投區] 台北市北投區大興街38號1樓
五星級K炸雞,"[文山區] 台北市文山區木柵路二段43號, 116 台北市"
大牌烤肉飯,[內湖區] 台北市內湖區成功路4段214巷2弄1號
福來伯傳統美食,"[內湖區] 台北市內湖區成功路四段30巷8-5號, 114 Taipei City"
碗熊食業,"[內湖區] 台北市內湖區康樂街54號, 114 Taipei City"
真粥到,"[中山區] 台北市中山區天津街37號, 104 Taipei City"
洺町和風美食,"[中山區] 台北市中山區龍江路110號, 104 Taipei City"
